Run_accession,Assay Type,BioProject,BioSample,Center Name,Consent,DATASTORE filetype,DATASTORE provider,DATASTORE region,Experiment,Instrument,LibraryLayout,LibrarySelection,LibrarySource,Organism,Platform,ReleaseDate,Sample Name,SRA Study,Material,Type,Isolation source,Avg_read_len,Avg_num_reads,True_label
SRR988083,WGS,PRJNA219368,SAMN02354107,GEORGIA TECH,public,"fastq,sra","gs,ncbi,s3","gs.US,ncbi.public,s3.us-east-1",SRX352039,Illumina HiSeq 2000,PAIRED,unspecified,METAGENOMIC,soil metagenome,ILLUMINA,2015-07-22T00:00:00Z,T5,SRP029969,Sediment/Soil,mMetagenome,Not applicable,101.0,52186306.0,Sediment/Soil
SRR988085,WGS,PRJNA219368,SAMN02354106,GEORGIA TECH,public,"fastq,sra","gs,ncbi,s3","gs.US,ncbi.public,s3.us-east-1",SRX352038,Illumina HiSeq 2000,PAIRED,unspecified,METAGENOMIC,soil metagenome,ILLUMINA,2015-07-22T00:00:00Z,T4.rep2,SRP029969,Sediment/Soil,mMetagenome,Not applicable,101.0,28954280.0,Sediment/Soil
SRR988086,WGS,PRJNA219368,SAMN02354105,GEORGIA TECH,public,"fastq,sra","gs,ncbi,s3","gs.US,ncbi.public,s3.us-east-1",SRX352037,Illumina HiSeq 2000,PAIRED,unspecified,METAGENOMIC,soil metagenome,ILLUMINA,2015-07-22T00:00:00Z,T4.rep1,SRP029969,Sediment/Soil,mMetagenome,Not applicable,101.0,29162543.0,Sediment/Soil
SRR988088,WGS,PRJNA219368,SAMN02354103,GEORGIA TECH,public,"fastq,sra","gs,ncbi,s3","gs.US,ncbi.public,s3.us-east-1",SRX352035,Illumina HiSeq 2000,PAIRED,unspecified,METAGENOMIC,soil metagenome,ILLUMINA,2015-07-22T00:00:00Z,T2,SRP029969,Sediment/Soil,mMetagenome,Not applicable,101.0,55033514.0,Sediment/Soil
SRR988093,WGS,PRJNA219368,SAMN02354098,GEORGIA TECH,public,"fastq,sra","gs,ncbi,s3","gs.US,ncbi.public,s3.us-east-1",SRX352028,Illumina HiSeq 2000,PAIRED,unspecified,METAGENOMIC,soil metagenome,ILLUMINA,2015-07-22T00:00:00Z,C3.rep2,SRP029969,Sediment/Soil,mMetagenome,Not applicable,100.0,40525382.0,Sediment/Soil
SRR1518476,WGS,PRJNA255439,SAMN02919190,THE GEORGE WASHINGTON UNIVERSITY,public,"fastq,sra","gs,ncbi,s3","gs.US,ncbi.public,s3.us-east-1",SRX655726,Illumina HiSeq 2000,SINGLE,RANDOM,METAGENOMIC,human metagenome,ILLUMINA,2014-10-22T00:00:00Z,ES 088,SRP044400,Oral,mMetagenome,Not declared,101.0,46560451.0,mOral
SRR1518536,WGS,PRJNA255439,SAMN02919191,THE GEORGE WASHINGTON UNIVERSITY,public,"fastq,sra","gs,ncbi,s3","gs.US,ncbi.public,s3.us-east-1",SRX655735,Illumina HiSeq 2000,SINGLE,RANDOM,METAGENOMIC,human metagenome,ILLUMINA,2014-10-22T00:00:00Z,ES 089,SRP044400,Oral,mMetagenome,Not declared,101.0,51170097.0,mOral
SRR1518998,WGS,PRJNA255439,SAMN02919192,THE GEORGE WASHINGTON UNIVERSITY,public,"fastq,sra","gs,ncbi,s3","gs.US,ncbi.public,s3.us-east-1",SRX656198,Illumina HiSeq 2000,SINGLE,RANDOM,METAGENOMIC,human metagenome,ILLUMINA,2014-10-22T00:00:00Z,ES 095,SRP044400,Oral,mMetagenome,Not declared,101.0,29670989.0,mOral
SRR1519045,WGS,PRJNA255439,SAMN02919195,THE GEORGE WASHINGTON UNIVERSITY,public,"fastq,sra","gs,ncbi,s3","gs.US,ncbi.public,s3.us-east-1",SRX656246,Illumina HiSeq 2000,SINGLE,RANDOM,METAGENOMIC,human metagenome,ILLUMINA,2014-10-22T00:00:00Z,ES 106,SRP044400,Oral,mMetagenome,Not declared,101.0,38562271.0,mOral
SRR1519047,WGS,PRJNA255439,SAMN02919197,THE GEORGE WASHINGTON UNIVERSITY,public,"fastq,sra","gs,ncbi,s3","gs.US,ncbi.public,s3.us-east-1",SRX656248,Illumina HiSeq 2000,SINGLE,RANDOM,METAGENOMIC,human metagenome,ILLUMINA,2014-10-22T00:00:00Z,ES 110,SRP044400,Oral,mMetagenome,Not declared,101.0,58009820.0,mOral
SRR1519052,WGS,PRJNA255439,SAMN02919201,THE GEORGE WASHINGTON UNIVERSITY,public,"fastq,sra","gs,ncbi,s3","gs.US,ncbi.public,s3.us-east-1",SRX656253,Illumina HiSeq 2000,SINGLE,RANDOM,METAGENOMIC,human metagenome,ILLUMINA,2014-10-22T00:00:00Z,ES 208,SRP044400,Oral,mMetagenome,Not declared,101.0,57023729.0,mOral
SRR1519055,WGS,PRJNA255439,SAMN02919202,THE GEORGE WASHINGTON UNIVERSITY,public,"fastq,sra","gs,ncbi,s3","gs.US,ncbi.public,s3.us-east-1",SRX656255,Illumina HiSeq 2000,SINGLE,RANDOM,METAGENOMIC,human metagenome,ILLUMINA,2014-10-22T00:00:00Z,ES 209,SRP044400,Oral,mMetagenome,Not declared,101.0,73888908.0,mOral
SRR1519056,WGS,PRJNA255439,SAMN02919203,THE GEORGE WASHINGTON UNIVERSITY,public,"fastq,sra","gs,ncbi,s3","gs.US,ncbi.public,s3.us-east-1",SRX656257,Illumina HiSeq 2000,SINGLE,RANDOM,METAGENOMIC,human metagenome,ILLUMINA,2014-10-22T00:00:00Z,ES 210,SRP044400,Oral,mMetagenome,Not declared,101.0,40768371.0,mOral
SRR1519057,WGS,PRJNA255439,SAMN02919204,THE GEORGE WASHINGTON UNIVERSITY,public,"fastq,sra","gs,ncbi,s3","gs.US,ncbi.public,s3.us-east-1",SRX656258,Illumina HiSeq 2000,SINGLE,RANDOM,METAGENOMIC,human metagenome,ILLUMINA,2014-10-22T00:00:00Z,ES 211,SRP044400,Oral,mMetagenome,Not declared,101.0,37767401.0,mOral
SRR1794618,WGS,PRJNA255922,SAMN03287599,UCLA,public,"fastq,sra","gs,ncbi,s3","gs.US,ncbi.public,s3.us-east-1",SRX869993,Illumina HiSeq 2000,PAIRED,unspecified,METAGENOMIC,human oral metagenome,ILLUMINA,2015-02-10T00:00:00Z,S14-02-D,SRP052958,Oral,mMetagenome,Plaque,93.55,43351054.0,mOral
SRR1795009,WGS,PRJNA255922,SAMN03287605,UCLA,public,"fastq,sra","gs,ncbi,s3","gs.US,ncbi.public,s3.us-east-1",SRX870379,Illumina HiSeq 2000,PAIRED,unspecified,METAGENOMIC,human oral metagenome,ILLUMINA,2015-02-10T00:00:00Z,S21-04-R,SRP052958,Oral,mMetagenome,Plaque,95.9,33017622.0,mOral
SRR1795018,WGS,PRJNA255922,SAMN03287609,UCLA,public,"fastq,sra","gs,ncbi,s3","gs.US,ncbi.public,s3.us-east-1",SRX870388,Illumina HiSeq 2000,PAIRED,unspecified,METAGENOMIC,human oral metagenome,ILLUMINA,2015-02-10T00:00:00Z,S27-04-R,SRP052958,Oral,mMetagenome,Plaque,92.95,34856128.0,mOral
SRR1783758,WGS,PRJNA255922,SAMN03287589,UCLA,public,"fastq,sra","gs,ncbi,s3","gs.US,ncbi.public,s3.us-east-1",SRX862787,Illumina HiSeq 2000,PAIRED,unspecified,METAGENOMIC,human oral metagenome,ILLUMINA,2015-02-05T00:00:00Z,S13-04-R,SRP052958,Oral,mMetagenome,Plaque,97.3,36490332.0,mOral
SRR2240920,WGS,PRJNA275349,SAMN03351569,JCVI,public,"sra,unknown_contigs","gs,ncbi,s3","gs.US,ncbi.public,s3.us-east-1",SRX1182854,Illumina HiSeq 2000,PAIRED,RANDOM,METAGENOMIC,human metagenome,ILLUMINA,2015-09-08T00:00:00Z,700122872_zo7_G_DNA_Supragingival_plaque,SRP056641,Oral,mMetagenome,Plaque,101.0,27386137.0,mOral
SRR1952611,WGS,PRJNA275349,SAMN03351552,JCVI,public,"fastq,sra","gs,ncbi,s3","gs.US,ncbi.public,s3.us-east-1",SRX978539,Illumina HiSeq 2000,PAIRED,RANDOM,METAGENOMIC,human metagenome,ILLUMINA,2015-04-09T00:00:00Z,700122212_zo7_G_DNA_Supragingival_plaque,SRP056641,Oral,mMetagenome,Plaque,101.0,28677800.0,mOral
SRR1950687,WGS,PRJNA277905,SAMN03398501,GENOME INSTITRUTE OF SINGAPORE,public,"fastq,sra","gs,ncbi,s3","gs.US,ncbi.public,s3.us-east-1",SRX976936,Illumina HiSeq 2000,PAIRED,RANDOM,METAGENOMIC,human skin metagenome,ILLUMINA,2016-03-26T00:00:00Z,WBS008,SRP056821,Skin,mMetagenome,Not applicable,100.0,10664184.0,Skin
SRR1950688,AMPLICON,PRJNA277905,SAMN03398502,GENOME INSTITRUTE OF SINGAPORE,public,"fastq,sra","gs,ncbi,s3","gs.US,ncbi.public,s3.us-east-1",SRX976937,Illumina HiSeq 2000,PAIRED,PCR,METAGENOMIC,human skin metagenome,ILLUMINA,2016-03-26T00:00:00Z,WBS005,SRP056821,Skin,mMetagenome,Not applicable,100.0,4650989.0,Skin
SRR1950694,AMPLICON,PRJNA277905,SAMN03398508,GENOME INSTITRUTE OF SINGAPORE,public,"fastq,sra","gs,ncbi,s3","gs.US,ncbi.public,s3.us-east-1",SRX976943,Illumina HiSeq 2000,PAIRED,PCR,METAGENOMIC,human skin metagenome,ILLUMINA,2016-03-26T00:00:00Z,WBS002,SRP056821,Skin,mMetagenome,Not applicable,100.0,9446931.0,Skin
SRR1950695,WGS,PRJNA277905,SAMN03398509,GENOME INSTITRUTE OF SINGAPORE,public,"fastq,sra","gs,ncbi,s3","gs.US,ncbi.public,s3.us-east-1",SRX976944,Illumina HiSeq 2000,PAIRED,RANDOM,METAGENOMIC,human skin metagenome,ILLUMINA,2016-03-26T00:00:00Z,WOS016,SRP056821,Skin,mMetagenome,Not applicable,100.0,13089509.0,Skin
SRR1950716,WGS,PRJNA277905,SAMN03398530,GENOME INSTITRUTE OF SINGAPORE,public,"fastq,sra","gs,ncbi,s3","gs.US,ncbi.public,s3.us-east-1",SRX976965,Illumina HiSeq 2000,PAIRED,RANDOM,METAGENOMIC,human skin metagenome,ILLUMINA,2016-03-26T00:00:00Z,WBE008,SRP056821,Skin,mMetagenome,Not applicable,100.0,7863762.0,Skin
SRR1950717,WGS,PRJNA277905,SAMN03398531,GENOME INSTITRUTE OF SINGAPORE,public,"fastq,sra","gs,ncbi,s3","gs.US,ncbi.public,s3.us-east-1",SRX976966,Illumina HiSeq 2000,PAIRED,RANDOM,METAGENOMIC,human skin metagenome,ILLUMINA,2016-03-26T00:00:00Z,WBE017,SRP056821,Skin,mMetagenome,Not applicable,100.0,8428704.0,Skin
SRR1950724,WGS,PRJNA277905,SAMN03398538,GENOME INSTITRUTE OF SINGAPORE,public,"fastq,sra","gs,ncbi,s3","gs.US,ncbi.public,s3.us-east-1",SRX976973,Illumina HiSeq 2000,PAIRED,RANDOM,METAGENOMIC,human skin metagenome,ILLUMINA,2016-03-26T00:00:00Z,WBS019,SRP056821,Skin,mMetagenome,Not applicable,100.0,14574740.0,Skin
SRR1950736,WGS,PRJNA277905,SAMN03398550,GENOME INSTITRUTE OF SINGAPORE,public,"fastq,sra","gs,ncbi,s3","gs.US,ncbi.public,s3.us-east-1",SRX976985,Illumina HiSeq 2000,PAIRED,RANDOM,METAGENOMIC,human skin metagenome,ILLUMINA,2016-03-26T00:00:00Z,WBU014,SRP056821,Skin,mMetagenome,Not applicable,100.0,6519908.0,Skin
SRR1950744,WGS,PRJNA277905,SAMN03398558,GENOME INSTITRUTE OF SINGAPORE,public,"fastq,sra","gs,ncbi,s3","gs.US,ncbi.public,s3.us-east-1",SRX976993,Illumina HiSeq 2000,PAIRED,RANDOM,METAGENOMIC,human skin metagenome,ILLUMINA,2016-03-26T00:00:00Z,WBE004,SRP056821,Skin,mMetagenome,Not applicable,100.0,10262026.0,Skin
SRR1950747,WGS,PRJNA277905,SAMN03398561,GENOME INSTITRUTE OF SINGAPORE,public,"fastq,sra","gs,ncbi,s3","gs.US,ncbi.public,s3.us-east-1",SRX976996,Illumina HiSeq 2000,PAIRED,RANDOM,METAGENOMIC,human skin metagenome,ILLUMINA,2016-03-26T00:00:00Z,WBE011,SRP056821,Skin,mMetagenome,Not applicable,100.0,11061375.0,Skin
SRR1950748,WGS,PRJNA277905,SAMN03398562,GENOME INSTITRUTE OF SINGAPORE,public,"fastq,sra","gs,ncbi,s3","gs.US,ncbi.public,s3.us-east-1",SRX976997,Illumina HiSeq 2000,PAIRED,RANDOM,METAGENOMIC,human skin metagenome,ILLUMINA,2016-03-26T00:00:00Z,WBE012,SRP056821,Skin,mMetagenome,Not applicable,100.0,11425104.0,Skin
SRR1950768,WGS,PRJNA277905,SAMN03398582,GENOME INSTITRUTE OF SINGAPORE,public,"fastq,sra","gs,ncbi,s3","gs.US,ncbi.public,s3.us-east-1",SRX977017,Illumina HiSeq 2000,PAIRED,RANDOM,METAGENOMIC,human skin metagenome,ILLUMINA,2016-03-26T00:00:00Z,WBE037,SRP056821,Skin,mMetagenome,Not applicable,100.0,6217736.0,Skin
SRR1950769,WGS,PRJNA277905,SAMN03398583,GENOME INSTITRUTE OF SINGAPORE,public,"fastq,sra","gs,ncbi,s3","gs.US,ncbi.public,s3.us-east-1",SRX977018,Illumina HiSeq 2000,PAIRED,RANDOM,METAGENOMIC,human skin metagenome,ILLUMINA,2016-03-26T00:00:00Z,WBE038,SRP056821,Skin,mMetagenome,Not applicable,100.0,6688762.0,Skin
SRR1950777,WGS,PRJNA277905,SAMN03398591,GENOME INSTITRUTE OF SINGAPORE,public,"fastq,sra","gs,ncbi,s3","gs.US,ncbi.public,s3.us-east-1",SRX977026,Illumina HiSeq 2000,PAIRED,RANDOM,METAGENOMIC,human skin metagenome,ILLUMINA,2016-03-26T00:00:00Z,WBE048,SRP056821,Skin,mMetagenome,Not applicable,100.0,5810613.0,Skin
SRR988079,WGS,PRJNA219368,SAMN02354096,GEORGIA TECH,public,"fastq,sra","gs,ncbi,s3","gs.US,ncbi.public,s3.us-east-1",SRX352022,Illumina HiSeq 2000,PAIRED,unspecified,METAGENOMIC,soil metagenome,ILLUMINA,2015-07-22T00:00:00Z,C2,SRP029969,Sediment/Soil,mMetagenome,Not applicable,100.0,95040835.0,Sediment/Soil
SRR988096,WGS,PRJNA219368,SAMN02354096,GEORGIA TECH,public,sra,"gs,ncbi,s3","gs.US,ncbi.public,s3.us-east-1",SRX352026,Illumina HiSeq 2000,PAIRED,unspecified,METAGENOMIC,soil metagenome,ILLUMINA,2015-07-22T00:00:00Z,C2,SRP029969,Sediment/Soil,mMetagenome,Not applicable,100.0,95040835.0,Sediment/Soil
SRR988097,WGS,PRJNA219368,SAMN02354094,GEORGIA TECH,public,sra,"gs,ncbi,s3","gs.US,ncbi.public,s3.us-east-1",SRX352024,Illumina HiSeq 2000,PAIRED,unspecified,METAGENOMIC,soil metagenome,ILLUMINA,2015-07-22T00:00:00Z,C1.rep1,SRP029969,Sediment/Soil,mMetagenome,Not applicable,101.0,23571226.0,Sediment/Soil
SRR1923771,AMPLICON,PRJNA278873,SAMN03433817,INDIANA UNIVERSITY,public,"fastq,sra","gs,ncbi,s3","gs.US,ncbi.public,s3.us-east-1",SRX963822,454 GS FLX Titanium,SINGLE,PCR,METAGENOMIC,human skin metagenome,LS454,2015-03-23T00:00:00Z,s1r2.40B,SRP056364,Skin,mMetagenome,Not applicable,391.9,2202.0,Skin
SRR5892193,WGS,PRJNA396840,SAMN07440128,NTU,public,"fastq,sra","gs,ncbi,s3","gs.US,ncbi.public,s3.us-east-1",SRX3057964,Illumina HiSeq 2500,PAIRED,size fractionation,METAGENOMIC,human metagenome,ILLUMINA,2017-10-10T00:00:00Z,X4048DNA,SRP114751,Oral,mMetagenome,Saliva,245.25,5323647.0,mOral
SRR5892198,WGS,PRJNA396840,SAMN07440120,NTU,public,"fastq,sra","gs,ncbi,s3","gs.US,ncbi.public,s3.us-east-1",SRX3057959,Illumina HiSeq 2500,PAIRED,size fractionation,METAGENOMIC,human metagenome,ILLUMINA,2017-10-10T00:00:00Z,X4014DNA,SRP114751,Oral,mMetagenome,Saliva,244.65,4906958.0,mOral
SRR5892215,WGS,PRJNA396840,SAMN07440133,NTU,public,"fastq,sra","gs,ncbi,s3","gs.US,ncbi.public,s3.us-east-1",SRX3057942,Illumina HiSeq 2500,PAIRED,size fractionation,METAGENOMIC,human metagenome,ILLUMINA,2017-10-10T00:00:00Z,X4068DNA,SRP114751,Oral,mMetagenome,Saliva,244.95,6212959.0,mOral
SRR988078,WGS,PRJNA219368,SAMN02354096,GEORGIA TECH,public,"fastq,sra","gs,ncbi,s3","gs.US,ncbi.public,s3.us-east-1",SRX352022,Illumina HiSeq 2000,PAIRED,unspecified,METAGENOMIC,soil metagenome,ILLUMINA,2015-07-22T00:00:00Z,C2,SRP029969,Sediment/Soil,mMetagenome,Not applicable,101.0,19905076.0,Sediment/Soil
SRR7687997,WGS,PRJNA471898,SAMN09715306,NISC,public,"fastq,sra","gs,ncbi,s3","gs.US,ncbi.public,s3.us-east-1",SRX4548360,Illumina HiSeq 2500,PAIRED,RANDOM,METAGENOMIC,human skin metagenome,ILLUMINA,2018-10-12T00:00:00Z,MET1775,SRP157584,Skin,mMetagenome,Not applicable,126.0,16588845.0,Skin
SRR7448290,WGS,PRJNA478018,SAMN09489426,J. CRAIG VENTER INSTITUTE,public,"fastq,sra","gs,ncbi,s3","gs.US,ncbi.public,s3.us-east-1",SRX4318852,NextSeq 500,PAIRED,RANDOM,METAGENOMIC,human oral metagenome,ILLUMINA,2018-06-28T00:00:00Z,Metagenome,SRP151559,Oral,mMetagenome,Saliva,149.8,33977611.0,mOral
SRR7448292,WGS,PRJNA478018,SAMN09489426,J. CRAIG VENTER INSTITUTE,public,"fastq,sra","gs,ncbi,s3","gs.US,ncbi.public,s3.us-east-1",SRX4318850,NextSeq 500,PAIRED,RANDOM,METAGENOMIC,human oral metagenome,ILLUMINA,2018-06-28T00:00:00Z,Metagenome,SRP151559,Oral,mMetagenome,Saliva,148.95,16188903.0,mOral
SRR7448294,WGS,PRJNA478018,SAMN09489426,J. CRAIG VENTER INSTITUTE,public,"fastq,sra","gs,ncbi,s3","gs.US,ncbi.public,s3.us-east-1",SRX4318848,NextSeq 500,PAIRED,RANDOM,METAGENOMIC,human oral metagenome,ILLUMINA,2018-06-28T00:00:00Z,Metagenome,SRP151559,Oral,mMetagenome,Saliva,149.6,18614551.0,mOral
SRR7448312,WGS,PRJNA478018,SAMN09489426,J. CRAIG VENTER INSTITUTE,public,"fastq,sra","gs,ncbi,s3","gs.US,ncbi.public,s3.us-east-1",SRX4318830,NextSeq 500,PAIRED,RANDOM,METAGENOMIC,human oral metagenome,ILLUMINA,2018-06-28T00:00:00Z,Metagenome,SRP151559,Oral,mMetagenome,Saliva,149.8,27142636.0,mOral
SRR7992810,WGS,PRJNA471898,SAMN10173402,NISC,public,"fastq,sra","gs,ncbi,s3","gs.US,ncbi.public,s3.us-east-1",SRX4823838,Illumina HiSeq 2500,PAIRED,RANDOM,METAGENOMIC,human skin metagenome,ILLUMINA,2018-10-12T00:00:00Z,VRNA_221,SRP157584,Skin,mMetagenome,Not applicable,126.0,15142399.0,Skin
ERR1883418,WGS,PRJEB18629,SAMEA103911557,MPI EVOLUTIONARY ANTHROPOLOGY,public,"bam,sra","ena,gs,ncbi,s3","ena,gs.US,ncbi.public,s3.us-east-1",ERX1943919,Illumina HiSeq 2500,PAIRED,RANDOM,METAGENOMIC,sediment metagenome,ILLUMINA,2017-04-27T00:00:00Z,SAMEA103911557,ERP020575,Sediment/Soil,mMetagenome,Not applicable,68.5,5303913.0,Sediment/Soil
ERR1883420,WGS,PRJEB18629,SAMEA103911559,MPI EVOLUTIONARY ANTHROPOLOGY,public,"bam,sra","ena,gs,ncbi,s3","ena,gs.US,ncbi.public,s3.us-east-1",ERX1943921,Illumina HiSeq 2500,PAIRED,RANDOM,METAGENOMIC,sediment metagenome,ILLUMINA,2017-04-27T00:00:00Z,SAMEA103911559,ERP020575,Sediment/Soil,mMetagenome,Not applicable,68.06666666666666,5926611.666666667,Sediment/Soil
ERR1883423,WGS,PRJEB18629,SAMEA103911562,MPI EVOLUTIONARY ANTHROPOLOGY,public,"bam,sra","ena,gs,ncbi,s3","ena,gs.US,ncbi.public,s3.us-east-1",ERX1943924,Illumina HiSeq 2500,PAIRED,RANDOM,METAGENOMIC,sediment metagenome,ILLUMINA,2017-04-27T00:00:00Z,SAMEA103911562,ERP020575,Sediment/Soil,mMetagenome,Not applicable,66.8,5184848.666666667,Sediment/Soil
ERR1883424,WGS,PRJEB18629,SAMEA103911563,MPI EVOLUTIONARY ANTHROPOLOGY,public,"bam,sra","ena,gs,ncbi,s3","ena,gs.US,ncbi.public,s3.us-east-1",ERX1943925,Illumina HiSeq 2500,PAIRED,RANDOM,METAGENOMIC,sediment metagenome,ILLUMINA,2017-04-27T00:00:00Z,SAMEA103911563,ERP020575,Sediment/Soil,mMetagenome,Not applicable,67.26666666666667,6158026.333333333,Sediment/Soil
ERR1883436,WGS,PRJEB18629,SAMEA103911575,MPI EVOLUTIONARY ANTHROPOLOGY,public,"bam,sra","ena,gs,ncbi,s3","ena,gs.US,ncbi.public,s3.us-east-1",ERX1943937,Illumina HiSeq 2500,PAIRED,RANDOM,METAGENOMIC,sediment metagenome,ILLUMINA,2017-04-27T00:00:00Z,SAMEA103911575,ERP020575,Sediment/Soil,mMetagenome,Not applicable,70.83333333333333,7099019.333333333,Sediment/Soil
ERR1883421,WGS,PRJEB18629,SAMEA103911560,MPI EVOLUTIONARY ANTHROPOLOGY,public,"bam,sra","ena,gs,ncbi,s3","ena,gs.US,ncbi.public,s3.us-east-1",ERX1943922,Illumina HiSeq 2500,PAIRED,RANDOM,METAGENOMIC,sediment metagenome,ILLUMINA,2017-04-27T00:00:00Z,SAMEA103911560,ERP020575,Sediment/Soil,mMetagenome,Not applicable,66.43333333333334,5406357.666666667,Sediment/Soil
ERR1883422,WGS,PRJEB18629,SAMEA103911561,MPI EVOLUTIONARY ANTHROPOLOGY,public,"bam,sra","ena,gs,ncbi,s3","ena,gs.US,ncbi.public,s3.us-east-1",ERX1943923,Illumina HiSeq 2500,PAIRED,RANDOM,METAGENOMIC,sediment metagenome,ILLUMINA,2017-04-27T00:00:00Z,SAMEA103911561,ERP020575,Sediment/Soil,mMetagenome,Not applicable,62.63333333333333,6504439.333333333,Sediment/Soil
ERR671910,WGS,PRJEB7626,SAMEA3113585,BRAEMBL,public,"fastq,sra","ena,gs,ncbi,s3","ena,gs.US,ncbi.public,s3.us-east-1",ERX626888,Illumina HiSeq 2500,PAIRED,RANDOM,METAGENOMIC,soil metagenome,ILLUMINA,2015-01-28T00:00:00Z,SAMEA3113585,ERP008551,Sediment/Soil,mMetagenome,Not applicable,151.0,45526749.0,Sediment/Soil
ERR671913,WGS,PRJEB7626,SAMEA3113584,BRAEMBL,public,"fastq,sra","ena,gs,ncbi,s3","ena,gs.US,ncbi.public,s3.us-east-1",ERX626891,Illumina HiSeq 2500,PAIRED,RANDOM,METAGENOMIC,soil metagenome,ILLUMINA,2015-01-28T00:00:00Z,SAMEA3113584,ERP008551,Sediment/Soil,mMetagenome,Not applicable,151.0,38222533.0,Sediment/Soil
ERR671914,WGS,PRJEB7626,SAMEA3113583,BRAEMBL,public,"fastq,sra","ena,gs,ncbi,s3","ena,gs.US,ncbi.public,s3.us-east-1",ERX626892,Illumina HiSeq 2500,PAIRED,RANDOM,METAGENOMIC,soil metagenome,ILLUMINA,2015-01-28T00:00:00Z,SAMEA3113583,ERP008551,Sediment/Soil,mMetagenome,Not applicable,151.0,38594470.0,Sediment/Soil
ERR671916,WGS,PRJEB7626,SAMEA3113582,BRAEMBL,public,"fastq,sra","ena,gs,ncbi,s3","ena,gs.US,ncbi.public,s3.us-east-1",ERX626894,Illumina HiSeq 2500,PAIRED,RANDOM,METAGENOMIC,soil metagenome,ILLUMINA,2015-01-28T00:00:00Z,SAMEA3113582,ERP008551,Sediment/Soil,mMetagenome,Not applicable,151.0,44283033.0,Sediment/Soil
ERR671917,WGS,PRJEB7626,SAMEA3113582,BRAEMBL,public,"fastq,sra","ena,gs,ncbi,s3","ena,gs.US,ncbi.public,s3.us-east-1",ERX626895,Illumina HiSeq 2500,PAIRED,RANDOM,METAGENOMIC,soil metagenome,ILLUMINA,2015-01-28T00:00:00Z,SAMEA3113582,ERP008551,Sediment/Soil,mMetagenome,Not applicable,151.0,44330269.0,Sediment/Soil
ERR671922,WGS,PRJEB7626,SAMEA3113579,BRAEMBL,public,"fastq,sra","ena,gs,ncbi,s3","ena,gs.US,ncbi.public,s3.us-east-1",ERX626900,Illumina HiSeq 2500,PAIRED,RANDOM,METAGENOMIC,soil metagenome,ILLUMINA,2015-01-28T00:00:00Z,SAMEA3113579,ERP008551,Sediment/Soil,mMetagenome,Not applicable,151.0,48806409.0,Sediment/Soil
ERR671923,WGS,PRJEB7626,SAMEA3113579,BRAEMBL,public,"fastq,sra","ena,gs,ncbi,s3","ena,gs.US,ncbi.public,s3.us-east-1",ERX626901,Illumina HiSeq 2500,PAIRED,RANDOM,METAGENOMIC,soil metagenome,ILLUMINA,2015-01-28T00:00:00Z,SAMEA3113579,ERP008551,Sediment/Soil,mMetagenome,Not applicable,151.0,49186754.0,Sediment/Soil
ERR671925,WGS,PRJEB7626,SAMEA3113579,BRAEMBL,public,"fastq,sra","ena,gs,ncbi,s3","ena,gs.US,ncbi.public,s3.us-east-1",ERX626903,Illumina HiSeq 2500,PAIRED,RANDOM,METAGENOMIC,soil metagenome,ILLUMINA,2015-01-28T00:00:00Z,SAMEA3113579,ERP008551,Sediment/Soil,mMetagenome,Not applicable,151.0,38749707.0,Sediment/Soil
ERR671926,WGS,PRJEB7626,SAMEA3113578,BRAEMBL,public,"fastq,sra","ena,gs,ncbi,s3","ena,gs.US,ncbi.public,s3.us-east-1",ERX626904,Illumina HiSeq 2500,PAIRED,RANDOM,METAGENOMIC,soil metagenome,ILLUMINA,2015-01-28T00:00:00Z,SAMEA3113578,ERP008551,Sediment/Soil,mMetagenome,Not applicable,151.0,41778621.0,Sediment/Soil
ERR671927,WGS,PRJEB7626,SAMEA3113578,BRAEMBL,public,"fastq,sra","ena,gs,ncbi,s3","ena,gs.US,ncbi.public,s3.us-east-1",ERX626905,Illumina HiSeq 2500,PAIRED,RANDOM,METAGENOMIC,soil metagenome,ILLUMINA,2015-01-28T00:00:00Z,SAMEA3113578,ERP008551,Sediment/Soil,mMetagenome,Not applicable,151.0,42007670.0,Sediment/Soil
ERR671928,WGS,PRJEB7626,SAMEA3113578,BRAEMBL,public,"fastq,sra","ena,gs,ncbi","ena,gs.US,ncbi.public",ERX626906,Illumina HiSeq 2500,PAIRED,RANDOM,METAGENOMIC,soil metagenome,ILLUMINA,2015-01-28T00:00:00Z,SAMEA3113578,ERP008551,Sediment/Soil,mMetagenome,Not applicable,151.0,49576353.0,Sediment/Soil
ERR671929,WGS,PRJEB7626,SAMEA3113578,BRAEMBL,public,"fastq,sra","ena,gs,ncbi,s3","ena,gs.US,ncbi.public,s3.us-east-1",ERX626907,Illumina HiSeq 2500,PAIRED,RANDOM,METAGENOMIC,soil metagenome,ILLUMINA,2015-01-28T00:00:00Z,SAMEA3113578,ERP008551,Sediment/Soil,mMetagenome,Not applicable,151.0,49922132.0,Sediment/Soil
ERR671930,WGS,PRJEB7626,SAMEA3113577,BRAEMBL,public,"fastq,sra","ena,gs,ncbi,s3","ena,gs.US,ncbi.public,s3.us-east-1",ERX626908,Illumina HiSeq 2500,PAIRED,RANDOM,METAGENOMIC,soil metagenome,ILLUMINA,2015-01-28T00:00:00Z,SAMEA3113577,ERP008551,Sediment/Soil,mMetagenome,Not applicable,151.0,38146598.0,Sediment/Soil
ERR671931,WGS,PRJEB7626,SAMEA3113577,BRAEMBL,public,"fastq,sra","ena,gs,ncbi,s3","ena,gs.US,ncbi.public,s3.us-east-1",ERX626909,Illumina HiSeq 2500,PAIRED,RANDOM,METAGENOMIC,soil metagenome,ILLUMINA,2015-01-28T00:00:00Z,SAMEA3113577,ERP008551,Sediment/Soil,mMetagenome,Not applicable,151.0,38467394.0,Sediment/Soil
ERR671932,WGS,PRJEB7626,SAMEA3113576,BRAEMBL,public,"fastq,sra","ena,gs,ncbi,s3","ena,gs.US,ncbi.public,s3.us-east-1",ERX626910,Illumina HiSeq 2500,PAIRED,RANDOM,METAGENOMIC,soil metagenome,ILLUMINA,2015-01-28T00:00:00Z,SAMEA3113576,ERP008551,Sediment/Soil,mMetagenome,Not applicable,151.0,44657411.0,Sediment/Soil
ERR671934,WGS,PRJEB7626,SAMEA3113575,BRAEMBL,public,"fastq,sra","ena,gs,ncbi,s3","ena,gs.US,ncbi.public,s3.us-east-1",ERX626912,Illumina HiSeq 2500,PAIRED,RANDOM,METAGENOMIC,soil metagenome,ILLUMINA,2015-01-28T00:00:00Z,SAMEA3113575,ERP008551,Sediment/Soil,mMetagenome,Not applicable,151.0,45907496.0,Sediment/Soil
ERR671935,WGS,PRJEB7626,SAMEA3113575,BRAEMBL,public,"fastq,sra","ena,gs,ncbi,s3","ena,gs.US,ncbi.public,s3.us-east-1",ERX626913,Illumina HiSeq 2500,PAIRED,RANDOM,METAGENOMIC,soil metagenome,ILLUMINA,2015-01-28T00:00:00Z,SAMEA3113575,ERP008551,Sediment/Soil,mMetagenome,Not applicable,151.0,46203784.0,Sediment/Soil
ERR671936,WGS,PRJEB7626,SAMEA3113575,BRAEMBL,public,"fastq,sra","ena,gs,ncbi,s3","ena,gs.US,ncbi.public,s3.us-east-1",ERX626914,Illumina HiSeq 2500,PAIRED,RANDOM,METAGENOMIC,soil metagenome,ILLUMINA,2015-01-28T00:00:00Z,SAMEA3113575,ERP008551,Sediment/Soil,mMetagenome,Not applicable,151.0,45311845.0,Sediment/Soil
ERR671938,WGS,PRJEB7626,SAMEA3113574,BRAEMBL,public,"fastq,sra","ena,gs,ncbi,s3","ena,gs.US,ncbi.public,s3.us-east-1",ERX626916,Illumina HiSeq 2500,PAIRED,RANDOM,METAGENOMIC,soil metagenome,ILLUMINA,2015-01-28T00:00:00Z,SAMEA3113574,ERP008551,Sediment/Soil,mMetagenome,Not applicable,151.0,42722907.0,Sediment/Soil
ERR687883,WGS,PRJEB7626,SAMEA3113574,BRAEMBL,public,"fastq,sra","ena,gs,ncbi,s3","ena,gs.US,ncbi.public,s3.us-east-1",ERX632826,Illumina HiSeq 2500,PAIRED,RANDOM,METAGENOMIC,soil metagenome,ILLUMINA,2015-01-29T00:00:00Z,SAMEA3113574,ERP008551,Sediment/Soil,mMetagenome,Not applicable,151.0,43282474.0,Sediment/Soil
ERR687886,WGS,PRJEB7626,SAMEA3113576,BRAEMBL,public,"fastq,sra","ena,gs,ncbi,s3","ena,gs.US,ncbi.public,s3.us-east-1",ERX632829,Illumina HiSeq 2500,PAIRED,RANDOM,METAGENOMIC,soil metagenome,ILLUMINA,2015-01-29T00:00:00Z,SAMEA3113576,ERP008551,Sediment/Soil,mMetagenome,Not applicable,151.0,43961474.0,Sediment/Soil
ERR687887,WGS,PRJEB7626,SAMEA3113577,BRAEMBL,public,"fastq,sra","ena,gs,ncbi,s3","ena,gs.US,ncbi.public,s3.us-east-1",ERX632830,Illumina HiSeq 2500,PAIRED,RANDOM,METAGENOMIC,soil metagenome,ILLUMINA,2015-01-29T00:00:00Z,SAMEA3113577,ERP008551,Sediment/Soil,mMetagenome,Not applicable,151.0,37653295.0,Sediment/Soil
ERR687888,WGS,PRJEB7626,SAMEA3113577,BRAEMBL,public,"fastq,sra","ena,gs,ncbi,s3","ena,gs.US,ncbi.public,s3.us-east-1",ERX632831,Illumina HiSeq 2500,PAIRED,RANDOM,METAGENOMIC,soil metagenome,ILLUMINA,2015-01-29T00:00:00Z,SAMEA3113577,ERP008551,Sediment/Soil,mMetagenome,Not applicable,151.0,37691065.0,Sediment/Soil
ERR687889,WGS,PRJEB7626,SAMEA3113580,BRAEMBL,public,"fastq,sra","ena,gs,ncbi,s3","ena,gs.US,ncbi.public,s3.us-east-1",ERX632832,Illumina HiSeq 2500,PAIRED,RANDOM,METAGENOMIC,soil metagenome,ILLUMINA,2015-01-29T00:00:00Z,SAMEA3113580,ERP008551,Sediment/Soil,mMetagenome,Not applicable,151.0,41985333.0,Sediment/Soil
ERR687890,WGS,PRJEB7626,SAMEA3113580,BRAEMBL,public,"fastq,sra","ena,gs,ncbi,s3","ena,gs.US,ncbi.public,s3.us-east-1",ERX632833,Illumina HiSeq 2500,PAIRED,RANDOM,METAGENOMIC,soil metagenome,ILLUMINA,2015-01-29T00:00:00Z,SAMEA3113580,ERP008551,Sediment/Soil,mMetagenome,Not applicable,151.0,41871291.0,Sediment/Soil
ERR687892,WGS,PRJEB7626,SAMEA3113581,BRAEMBL,public,"fastq,sra","ena,gs,ncbi,s3","ena,gs.US,ncbi.public,s3.us-east-1",ERX632835,Illumina HiSeq 2500,PAIRED,RANDOM,METAGENOMIC,soil metagenome,ILLUMINA,2015-01-29T00:00:00Z,SAMEA3113581,ERP008551,Sediment/Soil,mMetagenome,Not applicable,151.0,41989449.0,Sediment/Soil
ERR687893,WGS,PRJEB7626,SAMEA3113582,BRAEMBL,public,"fastq,sra","ena,gs,ncbi,s3","ena,gs.US,ncbi.public,s3.us-east-1",ERX632836,Illumina HiSeq 2500,PAIRED,RANDOM,METAGENOMIC,soil metagenome,ILLUMINA,2015-01-29T00:00:00Z,SAMEA3113582,ERP008551,Sediment/Soil,mMetagenome,Not applicable,151.0,42385942.0,Sediment/Soil
ERR687895,WGS,PRJEB7626,SAMEA3113583,BRAEMBL,public,"fastq,sra","ena,gs,ncbi,s3","ena,gs.US,ncbi.public,s3.us-east-1",ERX632838,Illumina HiSeq 2500,PAIRED,RANDOM,METAGENOMIC,soil metagenome,ILLUMINA,2015-01-29T00:00:00Z,SAMEA3113583,ERP008551,Sediment/Soil,mMetagenome,Not applicable,151.0,37262580.0,Sediment/Soil
ERR687896,WGS,PRJEB7626,SAMEA3113583,BRAEMBL,public,"fastq,sra","ena,gs,ncbi,s3","ena,gs.US,ncbi.public,s3.us-east-1",ERX632839,Illumina HiSeq 2500,PAIRED,RANDOM,METAGENOMIC,soil metagenome,ILLUMINA,2015-01-29T00:00:00Z,SAMEA3113583,ERP008551,Sediment/Soil,mMetagenome,Not applicable,151.0,37249680.0,Sediment/Soil
ERR687897,WGS,PRJEB7626,SAMEA3113585,BRAEMBL,public,"fastq,sra","ena,gs,ncbi,s3","ena,gs.US,ncbi.public,s3.us-east-1",ERX632840,Illumina HiSeq 2500,PAIRED,RANDOM,METAGENOMIC,soil metagenome,ILLUMINA,2015-01-29T00:00:00Z,SAMEA3113585,ERP008551,Sediment/Soil,mMetagenome,Not applicable,151.0,46392079.0,Sediment/Soil
ERR1474586,WGS,PRJEB14383,SAMEA4031774,UCL,public,"fastq,sra","ena,gs,ncbi,s3","ena,gs.US,ncbi.public,s3.us-east-1",ERX1545723,Illumina HiSeq 2500,PAIRED,RANDOM PCR,METAGENOMIC,metagenome,ILLUMINA,2017-11-16T00:00:00Z,SAMEA4031774,ERP016024,Oral,mMetagenome,Saliva,89.25,40616282.0,mOral
ERR2004615,WGS,PRJEB21269,SAMEA104120072,"APPRECIATE THE BEAUTY OF LIFE, INC.",public,"fastq,sra","ena,gs,ncbi,s3","ena,gs.US,ncbi.public,s3.us-east-1",ERX2064380,NextSeq 500,PAIRED,size fractionation,METAGENOMIC,soil metagenome,ILLUMINA,2019-01-02T00:00:00Z,SAMEA104120072,ERP023502,Sediment/Soil,mMetagenome,Not applicable,151.0,23362989.0,Sediment/Soil
ERR3579822,WGS,PRJEB34569,SAMEA5971645,MPI SCIENCE OF HUMAN HIST,public,"sra,fastq","gs,ncbi,s3","ncbi.public,s3.us-east-1,gs.US",ERX3577121,NextSeq 500,PAIRED,RANDOM,METAGENOMIC,Homo sapiens,ILLUMINA,2021-04-28T00:00:00Z,VLC004.A,ERP117493,Oral,mMetagenome,Calculus,98.05,43443020.0,mOral
ERR3579825,WGS,PRJEB34569,SAMEA5971648,MPI SCIENCE OF HUMAN HIST,public,"sra,fastq","gs,ncbi,s3","ncbi.public,s3.us-east-1,gs.US",ERX3577124,NextSeq 500,PAIRED,RANDOM,METAGENOMIC,Homo sapiens,ILLUMINA,2021-04-28T00:00:00Z,VLC009.A,ERP117493,Oral,mMetagenome,Calculus,107.45,33357115.0,mOral
ERR3579820,WGS,PRJEB34569,SAMEA5971643,MPI SCIENCE OF HUMAN HIST,public,"fastq,sra","gs,ncbi,s3","ncbi.public,s3.us-east-1,gs.US",ERX3577119,NextSeq 500,PAIRED,RANDOM,METAGENOMIC,Homo sapiens,ILLUMINA,2021-04-28T00:00:00Z,VLC002.A,ERP117493,Oral,mMetagenome,Calculus,91.25,15841120.0,mOral
SRR062083,WGS,PRJNA48479,SAMN00038663,BI,HMP,"sra,srf","gs,ncbi,s3","gs.US,ncbi.dbgap,ncbi.public,s3.us-east-1",SRX024695,Illumina Genome Analyzer II,PAIRED,RANDOM,METAGENOMIC,human metagenome,ILLUMINA,2010-08-09T00:00:00Z,700034178,SRP002163,Oral,mMetagenome,Plaque,101.0,25994107.0,mOral
SRR1804664,WGS,PRJNA48479,SAMN00036814,WUGSC,HMP,sra,"gs,ncbi,s3","gs.US,ncbi.dbgap,ncbi.public,s3.us-east-1",SRX877178,Illumina HiSeq 2000,PAIRED,unspecified,GENOMIC,human metagenome,ILLUMINA,2015-02-19T00:00:00Z,700024251,SRP002163,Oral,mMetagenome,Plaque,100.0,23738885.0,mOral
SRR3189411,WGS,PRJNA46333,SAMN04360124,NISC,public,"sra,unknown_contigs",ncbi,ncbi.public,SRX1601624,Illumina HiSeq 2000,PAIRED,RANDOM,METAGENOMIC,human skin metagenome,ILLUMINA,2016-05-01T00:00:00Z,MET0772,SRP002480,Skin,mMetagenome,Not applicable,101.0,13826170.0,Skin
SRR3189418,WGS,PRJNA46333,SAMN04360124,NISC,public,"sra,unknown_contigs","gs,ncbi,s3","gs.US,ncbi.public,s3.us-east-1",SRX1601624,Illumina HiSeq 2000,PAIRED,RANDOM,METAGENOMIC,human skin metagenome,ILLUMINA,2016-05-01T00:00:00Z,MET0772,SRP002480,Skin,mMetagenome,Not applicable,101.0,11536508.0,Skin
SRR3184100,WGS,PRJNA46333,SAMN04359892,NISC,public,"sra,unknown_contigs","gs,ncbi,s3","gs.US,ncbi.public,s3.us-east-1",SRX1597582,Illumina HiSeq 2000,PAIRED,RANDOM,METAGENOMIC,human skin metagenome,ILLUMINA,2016-05-01T00:00:00Z,MET0487,SRP002480,Skin,mMetagenome,Not applicable,101.0,15338847.0,Skin
SRR1631064,WGS,PRJNA46333,SAMN03025571,NISC,public,sra,"gs,ncbi,s3","gs.US,ncbi.public,s3.us-east-1",SRX743731,Illumina HiSeq 2000,PAIRED,RANDOM,METAGENOMIC,human skin metagenome,ILLUMINA,2014-10-30T00:00:00Z,MET0207,SRP002480,Skin,mMetagenome,Not applicable,101.0,27378198.0,Skin
SRR1631061,WGS,PRJNA46333,SAMN03025571,NISC,public,sra,"gs,ncbi,s3","gs.US,ncbi.public,s3.us-east-1",SRX743731,Illumina HiSeq 2000,PAIRED,RANDOM,METAGENOMIC,human skin metagenome,ILLUMINA,2014-10-30T00:00:00Z,MET0207,SRP002480,Skin,mMetagenome,Not applicable,101.0,24812687.0,Skin
SRR1631063,WGS,PRJNA46333,SAMN03025571,NISC,public,sra,"gs,ncbi,s3","gs.US,ncbi.public,s3.us-east-1",SRX743731,Illumina HiSeq 2000,PAIRED,RANDOM,METAGENOMIC,human skin metagenome,ILLUMINA,2014-10-30T00:00:00Z,MET0207,SRP002480,Skin,mMetagenome,Not applicable,101.0,27215176.0,Skin
SRR2096701,WGS,PRJNA46333,SAMN03840426,NISC,public,sra,"gs,ncbi,s3","gs.US,ncbi.public,s3.us-east-1",SRX1091795,Illumina HiSeq 2000,PAIRED,RANDOM,METAGENOMIC,human skin metagenome,ILLUMINA,2016-02-23T00:00:00Z,MET0340,SRP002480,Skin,mMetagenome,Not applicable,101.0,284132.0,Skin
SRR2096705,WGS,PRJNA46333,SAMN03840426,NISC,public,sra,"gs,ncbi,s3","gs.US,ncbi.public,s3.us-east-1",SRX1091795,Illumina HiSeq 2000,PAIRED,RANDOM,METAGENOMIC,human skin metagenome,ILLUMINA,2016-02-23T00:00:00Z,MET0340,SRP002480,Skin,mMetagenome,Not applicable,101.0,423431.0,Skin
SRR2096706,WGS,PRJNA46333,SAMN03840426,NISC,public,sra,"gs,ncbi,s3","gs.US,ncbi.public,s3.us-east-1",SRX1091795,Illumina HiSeq 2000,PAIRED,RANDOM,METAGENOMIC,human skin metagenome,ILLUMINA,2016-02-23T00:00:00Z,MET0340,SRP002480,Skin,mMetagenome,Not applicable,101.0,394161.0,Skin
SRR2096707,WGS,PRJNA46333,SAMN03840426,NISC,public,sra,"gs,ncbi,s3","gs.US,ncbi.public,s3.us-east-1",SRX1091795,Illumina HiSeq 2000,PAIRED,RANDOM,METAGENOMIC,human skin metagenome,ILLUMINA,2016-02-23T00:00:00Z,MET0340,SRP002480,Skin,mMetagenome,Not applicable,101.0,534717.0,Skin
SRR2096709,WGS,PRJNA46333,SAMN03840426,NISC,public,sra,"gs,ncbi,s3","gs.US,ncbi.public,s3.us-east-1",SRX1091795,Illumina HiSeq 2000,PAIRED,RANDOM,METAGENOMIC,human skin metagenome,ILLUMINA,2016-02-23T00:00:00Z,MET0340,SRP002480,Skin,mMetagenome,Not applicable,101.0,518289.0,Skin
SRR061192,WGS,PRJNA48479,SAMN00071939,WUGSC,HMP,"fastq,sra","gs,ncbi,s3","gs.US,ncbi.dbgap,ncbi.public,s3.us-east-1",SRX024009,Illumina Genome Analyzer II,PAIRED,RANDOM,METAGENOMIC,human metagenome,ILLUMINA,2010-07-29T00:00:00Z,700106818,SRP002163,Oral,mMetagenome,Plaque,100.0,23940307.0,mOral
SRR061320,WGS,PRJNA48479,SAMN00035796,WUGSC,HMP,"fastq,sra","gs,ncbi,s3","gs.US,ncbi.dbgap,ncbi.public,s3.us-east-1",SRX024061,Illumina Genome Analyzer II,PAIRED,RANDOM,METAGENOMIC,human metagenome,ILLUMINA,2010-07-29T00:00:00Z,700023232,SRP002163,Oral,mMetagenome,Plaque,100.0,24580676.0,mOral
SRR061365,WGS,PRJNA48479,SAMN00036281,WUGSC,HMP,"fastq,sra","gs,ncbi,s3","gs.US,ncbi.dbgap,ncbi.public,s3.us-east-1",SRX024107,Illumina Genome Analyzer II,PAIRED,RANDOM,METAGENOMIC,human metagenome,ILLUMINA,2010-07-29T00:00:00Z,700023718,SRP002163,Oral,mMetagenome,Plaque,100.0,27803377.0,mOral
SRR061562,WGS,PRJNA48479,SAMN00039883,WUGSC,HMP,sra,"gs,ncbi,s3","gs.US,ncbi.dbgap,ncbi.public,s3.us-east-1",SRX024200,Illumina Genome Analyzer II,PAIRED,RANDOM,METAGENOMIC,human metagenome,ILLUMINA,2010-08-14T00:00:00Z,700037132,SRP002163,Oral,mMetagenome,Plaque,100.0,27527393.0,mOral
SRR062298,WGS,PRJNA48479,SAMN00040247,WUGSC,HMP,sra,"gs,ncbi,s3","gs.US,ncbi.dbgap,ncbi.public,s3.us-east-1",SRX024882,Illumina Genome Analyzer II,PAIRED,RANDOM,METAGENOMIC,human metagenome,ILLUMINA,2010-08-14T00:00:00Z,700037500,SRP002163,Oral,mMetagenome,Plaque,100.0,30336715.0,mOral
SRR063517,WGS,PRJNA48479,SAMN00067109,WUGSC,HMP,sra,"gs,ncbi,s3","gs.US,ncbi.dbgap,ncbi.public,s3.us-east-1",SRX025197,Illumina Genome Analyzer II,PAIRED,RANDOM,METAGENOMIC,human metagenome,ILLUMINA,2010-08-26T00:00:00Z,700106866,SRP002163,Oral,mMetagenome,Plaque,100.0,26679454.0,mOral
SRR512767,WGS,PRJNA48479,SAMN00095345,WUGSC,HMP,sra,"gs,ncbi,s3","gs.US,ncbi.dbgap,ncbi.public,s3.us-east-1",SRX154058,Illumina HiSeq 2000,PAIRED,unspecified,METAGENOMIC,human metagenome,ILLUMINA,2012-06-12T00:00:00Z,700117935,SRP002163,Oral,mMetagenome,Plaque,100.0,50103449.0,mOral
SRR513165,WGS,PRJNA48479,SAMN00147374,WUGSC,HMP,sra,"gs,ncbi,s3","gs.US,ncbi.dbgap,ncbi.public,s3.us-east-1",SRX154189,Illumina HiSeq 2000,PAIRED,unspecified,METAGENOMIC,human metagenome,ILLUMINA,2012-06-13T00:00:00Z,700172459,SRP002163,Oral,mMetagenome,Plaque,100.0,42829754.0,mOral
SRR513768,WGS,PRJNA48479,SAMN00094392,WUGSC,HMP,sra,"gs,ncbi,s3","gs.US,ncbi.dbgap,ncbi.public,s3.us-east-1",SRX154089,Illumina HiSeq 2000,PAIRED,unspecified,METAGENOMIC,human metagenome,ILLUMINA,2012-06-19T00:00:00Z,700116982,SRP002163,Oral,mMetagenome,Plaque,100.0,83608089.0,mOral
SRR514202,WGS,PRJNA48479,SAMN00142253,WUGSC,HMP,sra,"gs,ncbi,s3","gs.US,ncbi.dbgap,ncbi.public,s3.us-east-1",SRX153945,Illumina HiSeq 2000,PAIRED,unspecified,METAGENOMIC,human metagenome,ILLUMINA,2012-06-19T00:00:00Z,700164305,SRP002163,Oral,mMetagenome,Plaque,100.0,107626925.0,mOral
SRR514239,WGS,PRJNA48479,SAMN00147507,WUGSC,HMP,sra,"gs,ncbi,s3","gs.US,ncbi.dbgap,ncbi.public,s3.us-east-1",SRX154215,Illumina HiSeq 2000,PAIRED,unspecified,METAGENOMIC,human metagenome,ILLUMINA,2012-06-19T00:00:00Z,700172592,SRP002163,Oral,mMetagenome,Plaque,100.0,84188532.0,mOral
SRR514306,WGS,PRJNA48479,SAMN00142979,WUGSC,HMP,sra,"gs,ncbi,s3","gs.US,ncbi.dbgap,ncbi.public,s3.us-east-1",SRX154022,Illumina HiSeq 2000,PAIRED,unspecified,METAGENOMIC,human metagenome,ILLUMINA,2012-06-19T00:00:00Z,700165034,SRP002163,Oral,mMetagenome,Plaque,100.0,53183816.0,mOral
SRR514329,WGS,PRJNA48479,SAMN00087479,WUGSC,HMP,sra,"gs,ncbi,s3","gs.US,ncbi.dbgap,ncbi.public,s3.us-east-1",SRX154024,Illumina HiSeq 2000,PAIRED,unspecified,METAGENOMIC,human metagenome,ILLUMINA,2012-06-19T00:00:00Z,700116588,SRP002163,Oral,mMetagenome,Plaque,100.0,82756102.0,mOral
SRR988082,WGS,PRJNA219368,SAMN02354108,GEORGIA TECH,public,"fastq,sra","gs,ncbi,s3","gs.US,ncbi.public,s3.us-east-1",SRX352040,Illumina HiSeq 2000,PAIRED,unspecified,METAGENOMIC,soil metagenome,ILLUMINA,2015-07-22T00:00:00Z,T6,SRP029969,Sediment/Soil,mMetagenome,Not applicable,101.0,56722675.0,Sediment/Soil
SRR988087,WGS,PRJNA219368,SAMN02354104,GEORGIA TECH,public,"fastq,sra","gs,ncbi,s3","gs.US,ncbi.public,s3.us-east-1",SRX352036,Illumina HiSeq 2000,PAIRED,unspecified,METAGENOMIC,soil metagenome,ILLUMINA,2015-07-22T00:00:00Z,T3,SRP029969,Sediment/Soil,mMetagenome,Not applicable,101.0,51957318.0,Sediment/Soil
SRR988089,WGS,PRJNA219368,SAMN02354102,GEORGIA TECH,public,"fastq,sra","gs,ncbi,s3","gs.US,ncbi.public,s3.us-east-1",SRX352034,Illumina HiSeq 2000,PAIRED,unspecified,METAGENOMIC,soil metagenome,ILLUMINA,2015-07-22T00:00:00Z,T1,SRP029969,Sediment/Soil,mMetagenome,Not applicable,101.0,53519903.0,Sediment/Soil
SRR988090,WGS,PRJNA219368,SAMN02354101,GEORGIA TECH,public,"fastq,sra","gs,ncbi,s3","gs.US,ncbi.public,s3.us-east-1",SRX352031,Illumina HiSeq 2000,PAIRED,unspecified,METAGENOMIC,soil metagenome,ILLUMINA,2015-07-22T00:00:00Z,C6,SRP029969,Sediment/Soil,mMetagenome,Not applicable,100.0,88140175.0,Sediment/Soil
SRR988091,WGS,PRJNA219368,SAMN02354100,GEORGIA TECH,public,"fastq,sra","gs,ncbi,s3","gs.US,ncbi.public,s3.us-east-1",SRX352030,Illumina HiSeq 2000,PAIRED,unspecified,METAGENOMIC,soil metagenome,ILLUMINA,2015-07-22T00:00:00Z,C5,SRP029969,Sediment/Soil,mMetagenome,Not applicable,100.0,67447483.0,Sediment/Soil
SRR988092,WGS,PRJNA219368,SAMN02354099,GEORGIA TECH,public,"fastq,sra","gs,ncbi,s3","gs.US,ncbi.public,s3.us-east-1",SRX352029,Illumina HiSeq 2000,PAIRED,unspecified,METAGENOMIC,soil metagenome,ILLUMINA,2015-07-22T00:00:00Z,C4,SRP029969,Sediment/Soil,mMetagenome,Not applicable,100.0,75181337.0,Sediment/Soil
SRR988094,WGS,PRJNA219368,SAMN02354097,GEORGIA TECH,public,"fastq,sra","gs,ncbi,s3","gs.US,ncbi.public,s3.us-east-1",SRX352027,Illumina HiSeq 2000,PAIRED,unspecified,METAGENOMIC,soil metagenome,ILLUMINA,2015-07-22T00:00:00Z,C3.rep1,SRP029969,Sediment/Soil,mMetagenome,Not applicable,100.0,48316398.0,Sediment/Soil
SRR1519031,WGS,PRJNA255439,SAMN02919193,THE GEORGE WASHINGTON UNIVERSITY,public,"fastq,sra","gs,ncbi,s3","gs.US,ncbi.public,s3.us-east-1",SRX656232,Illumina HiSeq 2000,SINGLE,RANDOM,METAGENOMIC,human metagenome,ILLUMINA,2014-10-22T00:00:00Z,ES 099,SRP044400,Oral,mMetagenome,Not declared,,,mOral
SRR1519044,WGS,PRJNA255439,SAMN02919194,THE GEORGE WASHINGTON UNIVERSITY,public,"fastq,sra","gs,ncbi,s3","gs.US,ncbi.public,s3.us-east-1",SRX656233,Illumina HiSeq 2000,SINGLE,RANDOM,METAGENOMIC,human metagenome,ILLUMINA,2014-10-22T00:00:00Z,ES 104,SRP044400,Oral,mMetagenome,Not declared,,,mOral
SRR1519046,WGS,PRJNA255439,SAMN02919196,THE GEORGE WASHINGTON UNIVERSITY,public,"fastq,sra","gs,ncbi,s3","gs.US,ncbi.public,s3.us-east-1",SRX656247,Illumina HiSeq 2000,SINGLE,RANDOM,METAGENOMIC,human metagenome,ILLUMINA,2014-10-22T00:00:00Z,ES 107,SRP044400,Oral,mMetagenome,Not declared,101.0,51343041.0,mOral
SRR1519048,WGS,PRJNA255439,SAMN02919198,THE GEORGE WASHINGTON UNIVERSITY,public,"fastq,sra","gs,ncbi,s3","gs.US,ncbi.public,s3.us-east-1",SRX656249,Illumina HiSeq 2000,SINGLE,RANDOM,METAGENOMIC,human metagenome,ILLUMINA,2014-10-22T00:00:00Z,ES 114,SRP044400,Oral,mMetagenome,Not declared,101.0,41257060.0,mOral
SRR1519049,WGS,PRJNA255439,SAMN02919199,THE GEORGE WASHINGTON UNIVERSITY,public,"fastq,sra","gs,ncbi,s3","gs.US,ncbi.public,s3.us-east-1",SRX656250,Illumina HiSeq 2000,SINGLE,RANDOM,METAGENOMIC,human metagenome,ILLUMINA,2014-10-22T00:00:00Z,ES 158,SRP044400,Oral,mMetagenome,Not declared,101.0,51350540.0,mOral
SRR1519050,WGS,PRJNA255439,SAMN02919200,THE GEORGE WASHINGTON UNIVERSITY,public,"fastq,sra","gs,ncbi,s3","gs.US,ncbi.public,s3.us-east-1",SRX656251,Illumina HiSeq 2000,SINGLE,RANDOM,METAGENOMIC,human metagenome,ILLUMINA,2014-10-22T00:00:00Z,ES 207,SRP044400,Oral,mMetagenome,Not declared,101.0,37126527.0,mOral
SRR2240834,WGS,PRJNA275349,SAMN03351547,JCVI,public,"sra,unknown_contigs",ncbi,ncbi.public,SRX1182816,Illumina HiSeq 2000,PAIRED,RANDOM,METAGENOMIC,human metagenome,ILLUMINA,2015-09-08T00:00:00Z,700122152_zo7_G_DNA_Supragingival_plaque,SRP056641,Oral,mMetagenome,Plaque,101.0,28592053.0,mOral
SRR1952513,WGS,PRJNA275349,SAMN03351702,JCVI,public,"sra,unknown_contigs",ncbi,ncbi.public,SRX978446,Illumina HiSeq 2000,PAIRED,RANDOM,METAGENOMIC,human metagenome,ILLUMINA,2015-04-09T00:00:00Z,700172125_zo7_G_DNA_Supragingival_plaque,SRP056641,Oral,mMetagenome,Plaque,101.0,32056125.0,mOral
SRR1952567,WGS,PRJNA275349,SAMN03351598,JCVI,public,"fastq,sra","gs,ncbi,s3","gs.US,ncbi.public,s3.us-east-1",SRX978494,Illumina HiSeq 2000,PAIRED,RANDOM,METAGENOMIC,human metagenome,ILLUMINA,2015-04-09T00:00:00Z,700161427_zo7_G_DNA_Supragingival_plaque,SRP056641,Oral,mMetagenome,Plaque,101.0,32453927.0,mOral
SRR1952623,WGS,PRJNA275349,SAMN03351593,JCVI,public,"fastq,sra","gs,ncbi,s3","gs.US,ncbi.public,s3.us-east-1",SRX978550,Illumina HiSeq 2000,PAIRED,RANDOM,METAGENOMIC,human metagenome,ILLUMINA,2015-04-09T00:00:00Z,700161335_zo7_G_DNA_Supragingival_plaque,SRP056641,Oral,mMetagenome,Plaque,101.0,42484177.0,mOral
SRR1950689,WGS,PRJNA277905,SAMN03398503,GENOME INSTITRUTE OF SINGAPORE,public,"fastq,sra","gs,ncbi,s3","gs.US,ncbi.public,s3.us-east-1",SRX976938,Illumina HiSeq 2000,PAIRED,RANDOM,METAGENOMIC,human skin metagenome,ILLUMINA,2016-03-26T00:00:00Z,WBS009,SRP056821,Skin,mMetagenome,Not applicable,100.0,9186682.0,Skin
SRR1950701,WGS,PRJNA277905,SAMN03398515,GENOME INSTITRUTE OF SINGAPORE,public,"fastq,sra","gs,ncbi,s3","gs.US,ncbi.public,s3.us-east-1",SRX976950,Illumina HiSeq 2000,PAIRED,RANDOM,METAGENOMIC,human skin metagenome,ILLUMINA,2016-03-26T00:00:00Z,WOS012,SRP056821,Skin,mMetagenome,Not applicable,100.0,6047181.0,Skin
SRR1950711,WGS,PRJNA277905,SAMN03398525,GENOME INSTITRUTE OF SINGAPORE,public,"fastq,sra","gs,ncbi,s3","gs.US,ncbi.public,s3.us-east-1",SRX976960,Illumina HiSeq 2000,PAIRED,RANDOM,METAGENOMIC,human skin metagenome,ILLUMINA,2016-03-26T00:00:00Z,WOS019,SRP056821,Skin,mMetagenome,Not applicable,100.0,7966596.0,Skin
SRR1950729,WGS,PRJNA277905,SAMN03398543,GENOME INSTITRUTE OF SINGAPORE,public,"fastq,sra","gs,ncbi,s3","gs.US,ncbi.public,s3.us-east-1",SRX976978,Illumina HiSeq 2000,PAIRED,RANDOM,METAGENOMIC,human skin metagenome,ILLUMINA,2016-03-26T00:00:00Z,WBU007,SRP056821,Skin,mMetagenome,Not applicable,100.0,5702657.0,Skin
SRR1950730,WGS,PRJNA277905,SAMN03398544,GENOME INSTITRUTE OF SINGAPORE,public,"fastq,sra","gs,ncbi,s3","gs.US,ncbi.public,s3.us-east-1",SRX976979,Illumina HiSeq 2000,PAIRED,RANDOM,METAGENOMIC,human skin metagenome,ILLUMINA,2016-03-26T00:00:00Z,WBU008,SRP056821,Skin,mMetagenome,Not applicable,100.0,3450826.0,Skin
SRR1950731,WGS,PRJNA277905,SAMN03398545,GENOME INSTITRUTE OF SINGAPORE,public,"fastq,sra","gs,ncbi,s3","gs.US,ncbi.public,s3.us-east-1",SRX976980,Illumina HiSeq 2000,PAIRED,RANDOM,METAGENOMIC,human skin metagenome,ILLUMINA,2016-03-26T00:00:00Z,WBU009,SRP056821,Skin,mMetagenome,Not applicable,100.0,5089242.0,Skin
SRR1950749,WGS,PRJNA277905,SAMN03398563,GENOME INSTITRUTE OF SINGAPORE,public,"fastq,sra","gs,ncbi,s3","gs.US,ncbi.public,s3.us-east-1",SRX976998,Illumina HiSeq 2000,PAIRED,RANDOM,METAGENOMIC,human skin metagenome,ILLUMINA,2016-03-26T00:00:00Z,WBE013,SRP056821,Skin,mMetagenome,Not applicable,100.0,9279152.0,Skin
SRR1950758,WGS,PRJNA277905,SAMN03398572,GENOME INSTITRUTE OF SINGAPORE,public,"fastq,sra","gs,ncbi,s3","gs.US,ncbi.public,s3.us-east-1",SRX977007,Illumina HiSeq 2000,PAIRED,RANDOM,METAGENOMIC,human skin metagenome,ILLUMINA,2016-03-26T00:00:00Z,WBE027,SRP056821,Skin,mMetagenome,Not applicable,100.0,7400171.0,Skin
SRR1950762,WGS,PRJNA277905,SAMN03398576,GENOME INSTITRUTE OF SINGAPORE,public,"fastq,sra","gs,ncbi,s3","gs.US,ncbi.public,s3.us-east-1",SRX977011,Illumina HiSeq 2000,PAIRED,RANDOM,METAGENOMIC,human skin metagenome,ILLUMINA,2016-03-26T00:00:00Z,WBE031,SRP056821,Skin,mMetagenome,Not applicable,100.0,5532437.0,Skin
SRR1950776,WGS,PRJNA277905,SAMN03398590,GENOME INSTITRUTE OF SINGAPORE,public,"fastq,sra","gs,ncbi,s3","gs.US,ncbi.public,s3.us-east-1",SRX977025,Illumina HiSeq 2000,PAIRED,RANDOM,METAGENOMIC,human skin metagenome,ILLUMINA,2016-03-26T00:00:00Z,WBE047,SRP056821,Skin,mMetagenome,Not applicable,100.0,7643070.0,Skin
SRR1923770,AMPLICON,PRJNA278873,SAMN03433816,INDIANA UNIVERSITY,public,"fastq,sra","gs,ncbi,s3","gs.US,ncbi.public,s3.us-east-1",SRX963821,454 GS FLX Titanium,SINGLE,PCR,METAGENOMIC,human skin metagenome,LS454,2015-03-23T00:00:00Z,s1r2.39B,SRP056364,Skin,mMetagenome,Not applicable,422.9,2853.0,Skin
SRR988095,WGS,PRJNA219368,SAMN02354095,GEORGIA TECH,public,sra,"gs,ncbi,s3","gs.US,ncbi.public,s3.us-east-1",SRX352025,Illumina HiSeq 2000,PAIRED,unspecified,METAGENOMIC,soil metagenome,ILLUMINA,2015-07-22T00:00:00Z,C1.rep2,SRP029969,Sediment/Soil,mMetagenome,Not applicable,101.0,19905076.0,Sediment/Soil
SRR1923773,AMPLICON,PRJNA278873,SAMN03433818,INDIANA UNIVERSITY,public,"fastq,sra","gs,ncbi,s3","gs.US,ncbi.public,s3.us-east-1",SRX963823,454 GS FLX Titanium,SINGLE,PCR,METAGENOMIC,human skin metagenome,LS454,2015-03-23T00:00:00Z,s1r2.41B,SRP056364,Skin,mMetagenome,Not applicable,409.8,2227.0,Skin
SRR1518410,WGS,PRJNA255439,SAMN02919189,THE GEORGE WASHINGTON UNIVERSITY,public,"fastq,sra","gs,ncbi,s3","gs.US,ncbi.public,s3.us-east-1",SRX655652,Illumina HiSeq 2000,SINGLE,RANDOM,METAGENOMIC,human metagenome,ILLUMINA,2014-10-22T00:00:00Z,ES 069,SRP044400,Oral,mMetagenome,Not declared,101.0,45624606.0,mOral
SRR5892210,WGS,PRJNA396840,SAMN07440130,NTU,public,"fastq,sra","gs,ncbi,s3","gs.US,ncbi.public,s3.us-east-1",SRX3057947,Illumina HiSeq 2500,PAIRED,size fractionation,METAGENOMIC,human metagenome,ILLUMINA,2017-10-10T00:00:00Z,X4056DNA,SRP114751,Oral,mMetagenome,Saliva,244.85,6018951.0,mOral
SRR988077,WGS,PRJNA219368,SAMN02354096,GEORGIA TECH,public,"fastq,sra","gs,ncbi,s3","gs.US,ncbi.public,s3.us-east-1",SRX352022,Illumina HiSeq 2000,PAIRED,unspecified,METAGENOMIC,soil metagenome,ILLUMINA,2015-07-22T00:00:00Z,C2,SRP029969,Sediment/Soil,mMetagenome,Not applicable,101.0,23571226.0,Sediment/Soil
SRR1518393,WGS,PRJNA255439,SAMN02919189,THE GEORGE WASHINGTON UNIVERSITY,public,"fastq,sra","gs,ncbi,s3","gs.US,ncbi.public,s3.us-east-1",SRX655652,Illumina HiSeq 2000,SINGLE,RANDOM,METAGENOMIC,human metagenome,ILLUMINA,2014-10-22T00:00:00Z,ES 069,SRP044400,Oral,mMetagenome,Not declared,101.0,97036033.0,mOral
SRR7448291,WGS,PRJNA478018,SAMN09489426,J. CRAIG VENTER INSTITUTE,public,"fastq,sra","gs,ncbi,s3","gs.US,ncbi.public,s3.us-east-1",SRX4318851,NextSeq 500,PAIRED,RANDOM,METAGENOMIC,human oral metagenome,ILLUMINA,2018-06-28T00:00:00Z,Metagenome,SRP151559,Oral,mMetagenome,Saliva,149.45,31509401.0,mOral
SRR7992620,WGS,PRJNA471898,SAMN10173381,NISC,public,"fastq,sra","gs,ncbi,s3","gs.US,ncbi.public,s3.us-east-1",SRX4823681,Illumina HiSeq 2500,PAIRED,RANDOM,METAGENOMIC,human skin metagenome,ILLUMINA,2018-10-12T00:00:00Z,VRNA_054,SRP157584,Skin,mMetagenome,Not applicable,126.0,21406093.0,Skin
SRR7992621,WGS,PRJNA471898,SAMN10173381,NISC,public,"fastq,sra","gs,ncbi,s3","gs.US,ncbi.public,s3.us-east-1",SRX4823681,Illumina HiSeq 2500,PAIRED,RANDOM,METAGENOMIC,human skin metagenome,ILLUMINA,2018-10-12T00:00:00Z,VRNA_054,SRP157584,Skin,mMetagenome,Not applicable,126.0,20812370.0,Skin
ERR1883438,WGS,PRJEB18629,SAMEA103911577,MPI EVOLUTIONARY ANTHROPOLOGY,public,"bam,sra","ena,gs,ncbi,s3","ena,gs.US,ncbi.public,s3.us-east-1",ERX1943939,Illumina HiSeq 2500,PAIRED,RANDOM,METAGENOMIC,sediment metagenome,ILLUMINA,2017-04-27T00:00:00Z,SAMEA103911577,ERP020575,Sediment/Soil,mMetagenome,Not applicable,71.66666666666667,5914295.333333333,Sediment/Soil
ERR1883419,WGS,PRJEB18629,SAMEA103911558,MPI EVOLUTIONARY ANTHROPOLOGY,public,"bam,sra","ena,gs,ncbi,s3","ena,gs.US,ncbi.public,s3.us-east-1",ERX1943920,Illumina HiSeq 2500,PAIRED,RANDOM,METAGENOMIC,sediment metagenome,ILLUMINA,2017-04-27T00:00:00Z,SAMEA103911558,ERP020575,Sediment/Soil,mMetagenome,Not applicable,68.76666666666667,5234534.0,Sediment/Soil
ERR1883430,WGS,PRJEB18629,SAMEA103911569,MPI EVOLUTIONARY ANTHROPOLOGY,public,"bam,sra","ena,gs,ncbi,s3","ena,gs.US,ncbi.public,s3.us-east-1",ERX1943931,Illumina HiSeq 2500,PAIRED,RANDOM,METAGENOMIC,sediment metagenome,ILLUMINA,2017-04-27T00:00:00Z,SAMEA103911569,ERP020575,Sediment/Soil,mMetagenome,Not applicable,68.56666666666666,5216735.666666667,Sediment/Soil
ERR671911,WGS,PRJEB7626,SAMEA3113585,BRAEMBL,public,"fastq,sra","ena,gs,ncbi,s3","ena,gs.US,ncbi.public,s3.us-east-1",ERX626889,Illumina HiSeq 2500,PAIRED,RANDOM,METAGENOMIC,soil metagenome,ILLUMINA,2015-01-28T00:00:00Z,SAMEA3113585,ERP008551,Sediment/Soil,mMetagenome,Not applicable,151.0,45609583.0,Sediment/Soil
ERR671912,WGS,PRJEB7626,SAMEA3113584,BRAEMBL,public,"fastq,sra","ena,gs,ncbi,s3","ena,gs.US,ncbi.public,s3.us-east-1",ERX626890,Illumina HiSeq 2500,PAIRED,RANDOM,METAGENOMIC,soil metagenome,ILLUMINA,2015-01-28T00:00:00Z,SAMEA3113584,ERP008551,Sediment/Soil,mMetagenome,Not applicable,151.0,38160510.0,Sediment/Soil
ERR671915,WGS,PRJEB7626,SAMEA3113583,BRAEMBL,public,"fastq,sra","ena,gs,ncbi,s3","ena,gs.US,ncbi.public,s3.us-east-1",ERX626893,Illumina HiSeq 2500,PAIRED,RANDOM,METAGENOMIC,soil metagenome,ILLUMINA,2015-01-28T00:00:00Z,SAMEA3113583,ERP008551,Sediment/Soil,mMetagenome,Not applicable,151.0,38655244.0,Sediment/Soil
ERR671918,WGS,PRJEB7626,SAMEA3113581,BRAEMBL,public,"fastq,sra","ena,gs,ncbi,s3","ena,gs.US,ncbi.public,s3.us-east-1",ERX626896,Illumina HiSeq 2500,PAIRED,RANDOM,METAGENOMIC,soil metagenome,ILLUMINA,2015-01-28T00:00:00Z,SAMEA3113581,ERP008551,Sediment/Soil,mMetagenome,Not applicable,151.0,44110977.0,Sediment/Soil
ERR671919,WGS,PRJEB7626,SAMEA3113581,BRAEMBL,public,"fastq,sra","ena,gs,ncbi,s3","ena,gs.US,ncbi.public,s3.us-east-1",ERX626897,Illumina HiSeq 2500,PAIRED,RANDOM,METAGENOMIC,soil metagenome,ILLUMINA,2015-01-28T00:00:00Z,SAMEA3113581,ERP008551,Sediment/Soil,mMetagenome,Not applicable,151.0,44321273.0,Sediment/Soil
ERR671920,WGS,PRJEB7626,SAMEA3113580,BRAEMBL,public,"fastq,sra","ena,gs,ncbi,s3","ena,gs.US,ncbi.public,s3.us-east-1",ERX626898,Illumina HiSeq 2500,PAIRED,RANDOM,METAGENOMIC,soil metagenome,ILLUMINA,2015-01-28T00:00:00Z,SAMEA3113580,ERP008551,Sediment/Soil,mMetagenome,Not applicable,151.0,44192765.0,Sediment/Soil
ERR671921,WGS,PRJEB7626,SAMEA3113580,BRAEMBL,public,"fastq,sra","ena,gs,ncbi,s3","ena,gs.US,ncbi.public,s3.us-east-1",ERX626899,Illumina HiSeq 2500,PAIRED,RANDOM,METAGENOMIC,soil metagenome,ILLUMINA,2015-01-28T00:00:00Z,SAMEA3113580,ERP008551,Sediment/Soil,mMetagenome,Not applicable,151.0,44357127.0,Sediment/Soil
ERR671924,WGS,PRJEB7626,SAMEA3113579,BRAEMBL,public,"fastq,sra","ena,gs,ncbi,s3","ena,gs.US,ncbi.public,s3.us-east-1",ERX626902,Illumina HiSeq 2500,PAIRED,RANDOM,METAGENOMIC,soil metagenome,ILLUMINA,2015-01-28T00:00:00Z,SAMEA3113579,ERP008551,Sediment/Soil,mMetagenome,Not applicable,151.0,38618170.0,Sediment/Soil
ERR671933,WGS,PRJEB7626,SAMEA3113576,BRAEMBL,public,"fastq,sra","ena,gs,ncbi,s3","ena,gs.US,ncbi.public,s3.us-east-1",ERX626911,Illumina HiSeq 2500,PAIRED,RANDOM,METAGENOMIC,soil metagenome,ILLUMINA,2015-01-28T00:00:00Z,SAMEA3113576,ERP008551,Sediment/Soil,mMetagenome,Not applicable,151.0,44724569.0,Sediment/Soil
ERR671937,WGS,PRJEB7626,SAMEA3113575,BRAEMBL,public,"fastq,sra","ena,gs,ncbi,s3","ena,gs.US,ncbi.public,s3.us-east-1",ERX626915,Illumina HiSeq 2500,PAIRED,RANDOM,METAGENOMIC,soil metagenome,ILLUMINA,2015-01-28T00:00:00Z,SAMEA3113575,ERP008551,Sediment/Soil,mMetagenome,Not applicable,151.0,45375708.0,Sediment/Soil
ERR671939,WGS,PRJEB7626,SAMEA3113574,BRAEMBL,public,"fastq,sra","ena,gs,ncbi,s3","ena,gs.US,ncbi.public,s3.us-east-1",ERX626917,Illumina HiSeq 2500,PAIRED,RANDOM,METAGENOMIC,soil metagenome,ILLUMINA,2015-01-28T00:00:00Z,SAMEA3113574,ERP008551,Sediment/Soil,mMetagenome,Not applicable,151.0,42552839.0,Sediment/Soil
ERR687884,WGS,PRJEB7626,SAMEA3113574,BRAEMBL,public,"fastq,sra","ena,gs,ncbi,s3","ena,gs.US,ncbi.public,s3.us-east-1",ERX632827,Illumina HiSeq 2500,PAIRED,RANDOM,METAGENOMIC,soil metagenome,ILLUMINA,2015-01-29T00:00:00Z,SAMEA3113574,ERP008551,Sediment/Soil,mMetagenome,Not applicable,151.0,43332095.0,Sediment/Soil
ERR687885,WGS,PRJEB7626,SAMEA3113576,BRAEMBL,public,"fastq,sra","ena,gs,ncbi,s3","ena,gs.US,ncbi.public,s3.us-east-1",ERX632828,Illumina HiSeq 2500,PAIRED,RANDOM,METAGENOMIC,soil metagenome,ILLUMINA,2015-01-29T00:00:00Z,SAMEA3113576,ERP008551,Sediment/Soil,mMetagenome,Not applicable,151.0,43861277.0,Sediment/Soil
ERR687891,WGS,PRJEB7626,SAMEA3113581,BRAEMBL,public,"fastq,sra","ena,gs,ncbi,s3","ena,gs.US,ncbi.public,s3.us-east-1",ERX632834,Illumina HiSeq 2500,PAIRED,RANDOM,METAGENOMIC,soil metagenome,ILLUMINA,2015-01-29T00:00:00Z,SAMEA3113581,ERP008551,Sediment/Soil,mMetagenome,Not applicable,151.0,41900421.0,Sediment/Soil
ERR687894,WGS,PRJEB7626,SAMEA3113582,BRAEMBL,public,"fastq,sra","ena,gs,ncbi,s3","ena,gs.US,ncbi.public,s3.us-east-1",ERX632837,Illumina HiSeq 2500,PAIRED,RANDOM,METAGENOMIC,soil metagenome,ILLUMINA,2015-01-29T00:00:00Z,SAMEA3113582,ERP008551,Sediment/Soil,mMetagenome,Not applicable,151.0,42356104.0,Sediment/Soil
ERR687898,WGS,PRJEB7626,SAMEA3113585,BRAEMBL,public,"fastq,sra","ena,gs,ncbi,s3","ena,gs.US,ncbi.public,s3.us-east-1",ERX632841,Illumina HiSeq 2500,PAIRED,RANDOM,METAGENOMIC,soil metagenome,ILLUMINA,2015-01-29T00:00:00Z,SAMEA3113585,ERP008551,Sediment/Soil,mMetagenome,Not applicable,151.0,46290224.0,Sediment/Soil
ERR1474568,WGS,PRJEB14383,SAMEA4031756,UCL,public,"fastq,sra","ena,gs,ncbi,s3","ena,gs.US,ncbi.public,s3.us-east-1",ERX1545705,Illumina HiSeq 2500,PAIRED,RANDOM PCR,METAGENOMIC,metagenome,ILLUMINA,2017-11-16T00:00:00Z,SAMEA4031756,ERP016024,Oral,mMetagenome,Saliva,95.65,41891239.0,mOral
ERR1474580,WGS,PRJEB14383,SAMEA4031768,UCL,public,"fastq,sra","ena,gs,ncbi,s3","ena,gs.US,ncbi.public,s3.us-east-1",ERX1545717,Illumina HiSeq 2500,PAIRED,RANDOM PCR,METAGENOMIC,metagenome,ILLUMINA,2017-11-16T00:00:00Z,SAMEA4031768,ERP016024,Oral,mMetagenome,Saliva,86.35,54071663.0,mOral
ERR1474585,WGS,PRJEB14383,SAMEA4031773,UCL,public,"fastq,sra","ena,gs,ncbi,s3","ena,gs.US,ncbi.public,s3.us-east-1",ERX1545722,Illumina HiSeq 2500,PAIRED,RANDOM PCR,METAGENOMIC,metagenome,ILLUMINA,2017-11-16T00:00:00Z,SAMEA4031773,ERP016024,Oral,mMetagenome,Saliva,89.8,38323142.0,mOral
ERR2004605,WGS,PRJEB21269,SAMEA104120062,"APPRECIATE THE BEAUTY OF LIFE, INC.",public,"fastq,sra","ena,gs,ncbi,s3","ena,gs.US,ncbi.public,s3.us-east-1",ERX2064370,NextSeq 500,PAIRED,size fractionation,METAGENOMIC,soil metagenome,ILLUMINA,2019-01-02T00:00:00Z,SAMEA104120062,ERP023502,Sediment/Soil,mMetagenome,Not applicable,151.0,23174396.0,Sediment/Soil
ERR2004609,WGS,PRJEB21269,SAMEA104120066,"APPRECIATE THE BEAUTY OF LIFE, INC.",public,"fastq,sra","ena,gs,ncbi,s3","ena,gs.US,ncbi.public,s3.us-east-1",ERX2064374,NextSeq 500,PAIRED,size fractionation,METAGENOMIC,soil metagenome,ILLUMINA,2019-01-02T00:00:00Z,SAMEA104120066,ERP023502,Sediment/Soil,mMetagenome,Not applicable,151.0,22870912.0,Sediment/Soil
ERR3579823,WGS,PRJEB34569,SAMEA5971646,MPI SCIENCE OF HUMAN HIST,public,"fastq,sra","gs,ncbi,s3","gs.US,ncbi.public,s3.us-east-1",ERX3577122,NextSeq 500,PAIRED,RANDOM,METAGENOMIC,Homo sapiens,ILLUMINA,2021-04-28T00:00:00Z,VLC005.A,ERP117493,Oral,mMetagenome,Calculus,95.85,44348880.0,mOral
ERR3579824,WGS,PRJEB34569,SAMEA5971647,MPI SCIENCE OF HUMAN HIST,public,"fastq,sra","gs,s3,ncbi","ncbi.public,s3.us-east-1,gs.US",ERX3577123,NextSeq 500,PAIRED,RANDOM,METAGENOMIC,Homo sapiens,ILLUMINA,2021-04-28T00:00:00Z,VLC008.A,ERP117493,Oral,mMetagenome,Calculus,109.75,35364677.0,mOral
ERR3579819,WGS,PRJEB34569,SAMEA5971642,MPI SCIENCE OF HUMAN HIST,public,"sra,fastq","gs,ncbi,s3","ncbi.public,gs.US,s3.us-east-1",ERX3577118,NextSeq 500,PAIRED,RANDOM,METAGENOMIC,Homo sapiens,ILLUMINA,2021-04-28T00:00:00Z,VLC001.A,ERP117493,Oral,mMetagenome,Calculus,105.55,34014564.0,mOral
ERR3579821,WGS,PRJEB34569,SAMEA5971644,MPI SCIENCE OF HUMAN HIST,public,"sra,fastq","s3,gs,ncbi","s3.us-east-1,ncbi.public,gs.US",ERX3577120,NextSeq 500,PAIRED,RANDOM,METAGENOMIC,Homo sapiens,ILLUMINA,2021-04-28T00:00:00Z,VLC003.A,ERP117493,Oral,mMetagenome,Calculus,95.35,26165856.0,mOral
ERR3579826,WGS,PRJEB34569,SAMEA5971649,MPI SCIENCE OF HUMAN HIST,public,"fastq,sra","gs,ncbi,s3","ncbi.public,s3.us-east-1,gs.US",ERX3577125,NextSeq 500,PAIRED,RANDOM,METAGENOMIC,Homo sapiens,ILLUMINA,2021-04-28T00:00:00Z,VLC010.A,ERP117493,Oral,mMetagenome,Calculus,99.55,19131370.0,mOral
SRR1804823,WGS,PRJNA48479,SAMN00035742,WUGSC,HMP,sra,"gs,ncbi,s3","gs.US,ncbi.dbgap,ncbi.public,s3.us-east-1",SRX877359,Illumina HiSeq 2000,PAIRED,unspecified,GENOMIC,human metagenome,ILLUMINA,2015-02-19T00:00:00Z,700023178,SRP002163,Oral,mMetagenome,Plaque,100.0,28014608.0,mOral
SRR3184876,WGS,PRJNA46333,SAMN04359977,NISC,public,"sra,unknown_contigs","gs,ncbi,s3","gs.US,ncbi.public,s3.us-east-1",SRX1598217,Illumina HiSeq 2000,PAIRED,RANDOM,METAGENOMIC,human skin metagenome,ILLUMINA,2016-05-01T00:00:00Z,MET0601,SRP002480,Skin,mMetagenome,Not applicable,101.0,28640653.0,Skin
SRR3189416,WGS,PRJNA46333,SAMN04360124,NISC,public,"sra,unknown_contigs","gs,ncbi,s3","gs.US,ncbi.public,s3.us-east-1",SRX1601624,Illumina HiSeq 2000,PAIRED,RANDOM,METAGENOMIC,human skin metagenome,ILLUMINA,2016-05-01T00:00:00Z,MET0772,SRP002480,Skin,mMetagenome,Not applicable,101.0,12690457.0,Skin
SRR1631060,WGS,PRJNA46333,SAMN03025571,NISC,public,sra,"gs,ncbi,s3","gs.US,ncbi.public,s3.us-east-1",SRX743731,Illumina HiSeq 2000,PAIRED,RANDOM,METAGENOMIC,human skin metagenome,ILLUMINA,2014-10-30T00:00:00Z,MET0207,SRP002480,Skin,mMetagenome,Not applicable,101.0,24178312.0,Skin
SRR1633008,WGS,PRJNA46333,SAMN03025673,NISC,public,sra,"gs,ncbi,s3","gs.US,ncbi.public,s3.us-east-1",SRX745020,Illumina HiSeq 2000,PAIRED,RANDOM,METAGENOMIC,human skin metagenome,ILLUMINA,2014-10-30T00:00:00Z,MET0310,SRP002480,Skin,mMetagenome,Not applicable,101.0,13631124.0,Skin
SRR1620017,WGS,PRJNA46333,SAMN03025397,NISC,public,sra,"gs,ncbi,s3","gs.US,ncbi.public,s3.us-east-1",SRX739401,Illumina HiSeq 2000,PAIRED,RANDOM,METAGENOMIC,human skin metagenome,ILLUMINA,2014-10-30T00:00:00Z,MET0006,SRP002480,Skin,mMetagenome,Not applicable,101.0,29006012.0,Skin
SRR2096702,WGS,PRJNA46333,SAMN03840426,NISC,public,sra,"gs,ncbi,s3","gs.US,ncbi.public,s3.us-east-1",SRX1091795,Illumina HiSeq 2000,PAIRED,RANDOM,METAGENOMIC,human skin metagenome,ILLUMINA,2016-02-23T00:00:00Z,MET0340,SRP002480,Skin,mMetagenome,Not applicable,101.0,369302.0,Skin
SRR2096703,WGS,PRJNA46333,SAMN03840426,NISC,public,sra,"gs,ncbi,s3","gs.US,ncbi.public,s3.us-east-1",SRX1091795,Illumina HiSeq 2000,PAIRED,RANDOM,METAGENOMIC,human skin metagenome,ILLUMINA,2016-02-23T00:00:00Z,MET0340,SRP002480,Skin,mMetagenome,Not applicable,101.0,389967.0,Skin
SRR2096704,WGS,PRJNA46333,SAMN03840426,NISC,public,sra,"gs,ncbi,s3","gs.US,ncbi.public,s3.us-east-1",SRX1091795,Illumina HiSeq 2000,PAIRED,RANDOM,METAGENOMIC,human skin metagenome,ILLUMINA,2016-02-23T00:00:00Z,MET0340,SRP002480,Skin,mMetagenome,Not applicable,101.0,459681.0,Skin
SRR2096708,WGS,PRJNA46333,SAMN03840426,NISC,public,sra,"gs,ncbi,s3","gs.US,ncbi.public,s3.us-east-1",SRX1091795,Illumina HiSeq 2000,PAIRED,RANDOM,METAGENOMIC,human skin metagenome,ILLUMINA,2016-02-23T00:00:00Z,MET0340,SRP002480,Skin,mMetagenome,Not applicable,101.0,547097.0,Skin
SRR2096710,WGS,PRJNA46333,SAMN03840426,NISC,public,sra,"gs,ncbi,s3","gs.US,ncbi.public,s3.us-east-1",SRX1091795,Illumina HiSeq 2000,PAIRED,RANDOM,METAGENOMIC,human skin metagenome,ILLUMINA,2016-02-23T00:00:00Z,MET0340,SRP002480,Skin,mMetagenome,Not applicable,101.0,502217.0,Skin
SRR3644405,WGS,PRJNA46333,SAMN04999354,NISC,public,sra,ncbi,ncbi.public,SRX1828711,Illumina HiSeq 2000,PAIRED,RANDOM,METAGENOMIC,human skin metagenome,ILLUMINA,2017-07-13T00:00:00Z,MET1606,SRP002480,Skin,mMetagenome,Not applicable,126.0,10783066.0,Skin
SRR061294,WGS,PRJNA48479,SAMN00082239,WUGSC,HMP,"fastq,sra","gs,ncbi,s3","gs.US,ncbi.dbgap,ncbi.public,s3.us-east-1",SRX024068,Illumina Genome Analyzer II,PAIRED,RANDOM,METAGENOMIC,human metagenome,ILLUMINA,2010-07-29T00:00:00Z,700114441,SRP002163,Oral,mMetagenome,Plaque,100.0,28337005.0,mOral
SRR062299,WGS,PRJNA48479,SAMN00035168,WUGSC,HMP,sra,"gs,ncbi,s3","gs.US,ncbi.dbgap,ncbi.public,s3.us-east-1",SRX024883,Illumina Genome Analyzer II,PAIRED,RANDOM,METAGENOMIC,human metagenome,ILLUMINA,2010-08-14T00:00:00Z,700021305,SRP002163,Oral,mMetagenome,Plaque,100.0,29562140.0,mOral
SRR513775,WGS,PRJNA48479,SAMN00142285,WUGSC,HMP,sra,"gs,ncbi,s3","gs.US,ncbi.dbgap,ncbi.public,s3.us-east-1",SRX153917,Illumina HiSeq 2000,PAIRED,unspecified,METAGENOMIC,human metagenome,ILLUMINA,2012-06-19T00:00:00Z,700164337,SRP002163,Oral,mMetagenome,Plaque,100.0,48437585.0,mOral
SRR513828,WGS,PRJNA48479,SAMN00095145,WUGSC,HMP,sra,"gs,ncbi,s3","gs.US,ncbi.dbgap,ncbi.public,s3.us-east-1",SRX153912,Illumina HiSeq 2000,PAIRED,unspecified,METAGENOMIC,human metagenome,ILLUMINA,2012-06-19T00:00:00Z,700117735,SRP002163,Oral,mMetagenome,Plaque,100.0,48780424.0,mOral
